{
	"hexo Code Block": {
		"prefix": "hexo_code_block",
		"body": [
			"{% codeblock ${1:title} ${2:lang:language} ${3:url} ${4:link text} ${5:line_number} ${6:first_line:} ${7:mark}%}\n${8:code content}\n{% endcodeblock %}"
		],
		"description": "hexo Code Block "
	},

	"hexo Quote Block": {
		"prefix": "hexo_quote_block",
		"body": [
			"{% blockquote ${1:author},${2:[source][link][source_link_title]} %}\n${3:content}\n{% endblockquote %}"
		],
		"description": "hexo Quote Block"
	},

	"hexo Backtick Code Block":{
		"prefix": "hexo_backtick_code_block",
		"body": [
			"```${1:language} ${2:title} ${3:url} ${4:link text}\n${5:code snippet}\n```"
		],
		"description": "hexo Backtick Code Block"
	},

	"hexo Post Link":{
		"prefix": "post_link",
		"body": [
			"{% post_link ${1:postlink} ${2:posname} %}"
		],
		"description": "hexo Post Link"
	},
	

	"hexo next centre quote":{
		"prefix": "hexo_next_centre_quote",
		"body": [
			"{% cq %}${1:content}{% endcq %}"
		],
		"description": "hexo next centre quote"
	},
	
	"hexo next video":{
		"prefix": "hexo_next_video",
		"body": [
			"{% video ${1:url} %}"
		],
		"description": "hexo next video"
	},

	"hexo next note":{
		"prefix": "hexo_next_note",
		"body": [
			"<!-- class:default | primary | success | info | warning | danger. -->\n{% note ${1:class} ${2:no-icon} ${3:summary} %}\n${4:content}\n{% endnote %}"
		],
		"description": "hexo next note"
	},

	"hexo next grouppicture":{
		"prefix": "hexo_next_grouppicture",
		"body": [
			"<!-- layout:https://theme-next.js.org/docs/tag-plugins/group-pictures.html. -->\n{% grouppicture ${1:number}-${2:layout} %}{% endgrouppicture %}"
				
		],
		"description": "hexo next grouppicture"
	},

	"hexo next linkgrid":{
		"prefix": "hexo_next_linkgrid",
		"body": [
			"<!-- https://theme-next.js.org/docs/tag-plugins/link-grid.html -->\n{% linkgrid ${1:image} ${2:delimiter} ${3:comment} %}\n${4:content}\n{% endlinkgrid %}"
		],
		"description": "hexo next linkgrid"
	},

	"hexo asset image":{
		"prefix": "hexo_asset_image",
		"body": [
			"{% asset_img ${1:slug} ${2:title} %}"
		],
		"description": "hexo asset image"
	},
	
	"hexo asset link":{
		"prefix": "hexo_asset_link",
		"body": [
			"{% asset_link ${1:slug} ${2:title} %}"
		],
		"description": "hexo asset link"
	},

	"hexo asset path":{
		"prefix": "hexo_asset_path",
		"body": [
			"{% asset_path ${1:slug} %}"
		],
		"description": "hexo asset path"
	}
}